{"version":18,"screenWidth":1080,"screenHeight":2340,"scenario":{"scenario":{"id":61,"name":"Palmon Survival - Raid","detectionQuality":1487},"events":[{"event":{"id":456,"scenarioId":61,"name":"Assist","conditionOperator":1,"priority":0,"type":"IMAGE_EVENT","keepDetecting":false},"actions":[{"action":{"id":1126,"eventId":456,"priority":1,"name":"Wait","type":"PAUSE","pauseDuration":1000},"intentExtras":[],"eventsToggle":[]},{"action":{"id":1129,"eventId":456,"name":"Click","type":"CLICK","clickPositionType":"ON_DETECTED_CONDITION","clickOnConditionId":1056,"pressDuration":70},"intentExtras":[],"eventsToggle":[]}],"conditions":[{"id":1056,"eventId":456,"name":"Condition","type":"ON_IMAGE_DETECTED","priority":0,"path":"Condition_-428561214.png","areaLeft":656,"areaTop":1115,"areaRight":811,"areaBottom":1202,"threshold":10,"detectionType":2,"shouldBeDetected":true}]},{"event":{"id":457,"scenarioId":61,"name":"Open Dialog","conditionOperator":1,"priority":1,"type":"IMAGE_EVENT","keepDetecting":false},"actions":[{"action":{"id":1127,"eventId":457,"name":"Click","type":"CLICK","clickPositionType":"ON_DETECTED_CONDITION","clickOnConditionId":1055,"pressDuration":70},"intentExtras":[],"eventsToggle":[]},{"action":{"id":1128,"eventId":457,"priority":1,"name":"Wait","type":"PAUSE","pauseDuration":500},"intentExtras":[],"eventsToggle":[]}],"conditions":[{"id":1054,"eventId":457,"name":"Condition","type":"ON_IMAGE_DETECTED","priority":0,"path":"Condition_-1278982963.png","areaLeft":506,"areaTop":904,"areaRight":827,"areaBottom":1068,"threshold":20,"detectionType":2,"shouldBeDetected":false},{"id":1055,"eventId":457,"name":"Condition","type":"ON_IMAGE_DETECTED","priority":1,"path":"Condition_-158263555.png","areaLeft":521,"areaTop":1558,"areaRight":568,"areaBottom":1603,"threshold":20,"detectionType":3,"shouldBeDetected":true,"detectionAreaLeft":151,"detectionAreaTop":693,"detectionAreaRight":932,"detectionAreaBottom":2020}]}]}}