{"version":2,"screenWidth":1080,"screenHeight":2340,"dumbScenario":{"scenario":{"id":15,"name":"Palmon Survival - Enhance item to 20","repeatCount":1,"isRepeatInfinite":false,"maxDurationMin":1,"isDurationInfinite":true,"randomize":false},"dumbActions":[{"id":97,"dumbScenarioId":15,"priority":4,"name":"Click","type":"CLICK","repeatCount":20,"isRepeatInfinite":false,"repeatDelay":350,"pressDuration":75,"x":790,"y":1923},{"id":98,"dumbScenarioId":15,"name":"Click","type":"CLICK","repeatCount":1,"isRepeatInfinite":false,"repeatDelay":250,"pressDuration":75,"x":796,"y":1832},{"id":99,"dumbScenarioId":15,"priority":2,"name":"Click","type":"CLICK","repeatCount":1,"isRepeatInfinite":false,"repeatDelay":250,"pressDuration":75,"x":248,"y":1918},{"id":100,"dumbScenarioId":15,"priority":1,"name":"Wait","type":"PAUSE","pauseDuration":400},{"id":101,"dumbScenarioId":15,"priority":3,"name":"Wait","type":"PAUSE","pauseDuration":400},{"id":102,"dumbScenarioId":15,"priority":6,"name":"Click","type":"CLICK","repeatCount":20,"isRepeatInfinite":false,"repeatDelay":250,"pressDuration":75,"x":960,"y":421},{"id":103,"dumbScenarioId":15,"priority":5,"name":"Wait","type":"PAUSE","pauseDuration":400}],"stats":{"id":15,"scenarioId":15,"lastStartTimestampMs":1765005547068,"startCount":8}}}