{"version":18,"screenWidth":1080,"screenHeight":2340,"scenario":{"scenario":{"id":70,"name":"Palmon Survival - Train armigos","detectionQuality":1210},"events":[{"event":{"id":513,"scenarioId":70,"name":"Done","conditionOperator":1,"priority":1,"enabledOnStart":false,"type":"IMAGE_EVENT","keepDetecting":false},"actions":[{"action":{"id":1280,"eventId":513,"name":"Toggle event","type":"TOGGLE_EVENT","toggleAll":true,"toggleAllType":"DISABLE"},"intentExtras":[],"eventsToggle":[]}],"conditions":[{"id":1154,"eventId":513,"name":"Condition","type":"ON_IMAGE_DETECTED","priority":0,"path":"Condition_-1062349231.png","areaLeft":774,"areaTop":1073,"areaRight":988,"areaBottom":1139,"threshold":20,"detectionType":3,"shouldBeDetected":true,"detectionAreaLeft":739,"detectionAreaTop":986,"detectionAreaRight":1010,"detectionAreaBottom":1089},{"id":1155,"eventId":513,"name":"Condition","type":"ON_IMAGE_DETECTED","priority":1,"path":"Condition_1951184666.png","areaLeft":766,"areaTop":1304,"areaRight":996,"areaBottom":1376,"threshold":20,"detectionType":3,"shouldBeDetected":true,"detectionAreaLeft":756,"detectionAreaTop":1213,"detectionAreaRight":1026,"detectionAreaBottom":1315},{"id":1156,"eventId":513,"name":"Condition","type":"ON_IMAGE_DETECTED","priority":2,"path":"Condition_280213467.png","areaLeft":759,"areaTop":1530,"areaRight":995,"areaBottom":1599,"threshold":20,"detectionType":3,"shouldBeDetected":true,"detectionAreaLeft":743,"detectionAreaTop":1444,"detectionAreaRight":1014,"detectionAreaBottom":1548},{"id":1157,"eventId":513,"name":"Condition","type":"ON_IMAGE_DETECTED","priority":3,"path":"Condition_-341341964.png","areaLeft":765,"areaTop":1748,"areaRight":994,"areaBottom":1815,"threshold":20,"detectionType":3,"shouldBeDetected":true,"detectionAreaLeft":736,"detectionAreaTop":1676,"detectionAreaRight":997,"detectionAreaBottom":1763}]},{"event":{"id":514,"scenarioId":70,"name":"Speed Up","conditionOperator":2,"priority":5,"enabledOnStart":false,"type":"IMAGE_EVENT","keepDetecting":false},"actions":[{"action":{"id":1281,"eventId":514,"name":"Click","type":"CLICK","clickPositionType":"ON_DETECTED_CONDITION","pressDuration":70},"intentExtras":[],"eventsToggle":[]},{"action":{"id":1282,"eventId":514,"priority":1,"name":"Wait","type":"PAUSE","pauseDuration":200},"intentExtras":[],"eventsToggle":[]}],"conditions":[{"id":1158,"eventId":514,"name":"Condition","type":"ON_IMAGE_DETECTED","priority":0,"path":"Condition_865819153.png","areaLeft":784,"areaTop":1012,"areaRight":973,"areaBottom":1049,"threshold":20,"detectionType":3,"shouldBeDetected":true,"detectionAreaLeft":718,"detectionAreaTop":1646,"detectionAreaRight":1033,"detectionAreaBottom":1775},{"id":1159,"eventId":514,"name":"Condition","type":"ON_IMAGE_DETECTED","priority":1,"path":"Condition_865819153.png","areaLeft":784,"areaTop":1012,"areaRight":973,"areaBottom":1049,"threshold":20,"detectionType":3,"shouldBeDetected":true,"detectionAreaLeft":718,"detectionAreaTop":1415,"detectionAreaRight":1034,"detectionAreaBottom":1545},{"id":1160,"eventId":514,"name":"Condition","type":"ON_IMAGE_DETECTED","priority":2,"path":"Condition_865819153.png","areaLeft":784,"areaTop":1012,"areaRight":973,"areaBottom":1049,"threshold":20,"detectionType":3,"shouldBeDetected":true,"detectionAreaLeft":724,"detectionAreaTop":1195,"detectionAreaRight":1040,"detectionAreaBottom":1325},{"id":1161,"eventId":514,"name":"Condition","type":"ON_IMAGE_DETECTED","priority":3,"path":"Condition_131549004.png","areaLeft":760,"areaTop":1013,"areaRight":988,"areaBottom":1061,"threshold":10,"detectionType":3,"shouldBeDetected":true,"detectionAreaLeft":679,"detectionAreaTop":969,"detectionAreaRight":1019,"detectionAreaBottom":1105}]},{"event":{"id":515,"scenarioId":70,"name":"Quick Use","conditionOperator":1,"priority":6,"type":"IMAGE_EVENT","keepDetecting":false},"actions":[{"action":{"id":1283,"eventId":515,"name":"Click","type":"CLICK","clickPositionType":"ON_DETECTED_CONDITION","clickOnConditionId":1162,"pressDuration":70},"intentExtras":[],"eventsToggle":[]},{"action":{"id":1284,"eventId":515,"priority":1,"name":"Wait","type":"PAUSE","pauseDuration":200},"intentExtras":[],"eventsToggle":[]}],"conditions":[{"id":1162,"eventId":515,"name":"Condition","type":"ON_IMAGE_DETECTED","priority":0,"path":"Condition_166035306.png","areaLeft":790,"areaTop":924,"areaRight":988,"areaBottom":983,"threshold":20,"detectionType":3,"shouldBeDetected":true,"detectionAreaLeft":705,"detectionAreaTop":835,"detectionAreaRight":1041,"detectionAreaBottom":1046}]},{"event":{"id":516,"scenarioId":70,"name":"Confirm","conditionOperator":1,"priority":7,"type":"IMAGE_EVENT","keepDetecting":false},"actions":[{"action":{"id":1285,"eventId":516,"name":"Click","type":"CLICK","clickPositionType":"ON_DETECTED_CONDITION","clickOnConditionId":1163,"pressDuration":70,"clickOffsetX":-288,"clickOffsetY":-64},"intentExtras":[],"eventsToggle":[]},{"action":{"id":1286,"eventId":516,"priority":1,"name":"Wait","type":"PAUSE","pauseDuration":400},"intentExtras":[],"eventsToggle":[]},{"action":{"id":1287,"eventId":516,"priority":2,"name":"Click","type":"CLICK","clickPositionType":"ON_DETECTED_CONDITION","clickOnConditionId":1163,"pressDuration":70,"clickOffsetX":183,"clickOffsetY":48},"intentExtras":[],"eventsToggle":[]},{"action":{"id":1288,"eventId":516,"priority":3,"name":"Wait","type":"PAUSE","pauseDuration":400},"intentExtras":[],"eventsToggle":[]}],"conditions":[{"id":1163,"eventId":516,"name":"Condition","type":"ON_IMAGE_DETECTED","priority":0,"path":"Condition_-1144890741.png","areaLeft":53,"areaTop":1324,"areaRight":1030,"areaBottom":1621,"threshold":10,"detectionType":1,"shouldBeDetected":true}]},{"event":{"id":517,"scenarioId":70,"name":"Idle","conditionOperator":1,"priority":3,"type":"IMAGE_EVENT","keepDetecting":false},"actions":[{"action":{"id":1289,"eventId":517,"name":"Click","type":"CLICK","clickPositionType":"ON_DETECTED_CONDITION","clickOnConditionId":1164,"pressDuration":70},"intentExtras":[],"eventsToggle":[]},{"action":{"id":1290,"eventId":517,"priority":1,"name":"Wait","type":"PAUSE","pauseDuration":200},"intentExtras":[],"eventsToggle":[]}],"conditions":[{"id":1164,"eventId":517,"name":"Condition","type":"ON_IMAGE_DETECTED","priority":0,"path":"Condition_104435735.png","areaLeft":744,"areaTop":1747,"areaRight":1010,"areaBottom":1819,"threshold":10,"detectionType":3,"shouldBeDetected":true,"detectionAreaLeft":699,"detectionAreaTop":932,"detectionAreaRight":1028,"detectionAreaBottom":1832}]},{"event":{"id":518,"scenarioId":70,"name":"Train","conditionOperator":1,"priority":4,"type":"IMAGE_EVENT","keepDetecting":false},"actions":[{"action":{"id":1291,"eventId":518,"name":"Click","type":"CLICK","clickPositionType":"ON_DETECTED_CONDITION","clickOnConditionId":1165,"pressDuration":70},"intentExtras":[],"eventsToggle":[]},{"action":{"id":1292,"eventId":518,"priority":1,"name":"Wait","type":"PAUSE","pauseDuration":500},"intentExtras":[],"eventsToggle":[]},{"action":{"id":1293,"eventId":518,"priority":2,"name":"Click","type":"CLICK","clickPositionType":"USER_SELECTED","x":946,"y":448,"pressDuration":70},"intentExtras":[],"eventsToggle":[]},{"action":{"id":1294,"eventId":518,"priority":3,"name":"Wait","type":"PAUSE","pauseDuration":200},"intentExtras":[],"eventsToggle":[]},{"action":{"id":1295,"eventId":518,"priority":4,"name":"Toggle event","type":"TOGGLE_EVENT","toggleAll":false},"intentExtras":[],"eventsToggle":[{"id":247,"actionId":1295,"type":"DISABLE","toggleEventId":513}]}],"conditions":[{"id":1165,"eventId":518,"name":"Condition","type":"ON_IMAGE_DETECTED","priority":0,"path":"Condition_1674792925.png","areaLeft":657,"areaTop":1769,"areaRight":951,"areaBottom":1876,"threshold":10,"detectionType":1,"shouldBeDetected":true}]},{"event":{"id":519,"scenarioId":70,"name":"Claim","conditionOperator":1,"priority":2,"type":"IMAGE_EVENT","keepDetecting":false},"actions":[{"action":{"id":1296,"eventId":519,"name":"Click","type":"CLICK","clickPositionType":"ON_DETECTED_CONDITION","clickOnConditionId":1166,"pressDuration":70},"intentExtras":[],"eventsToggle":[]},{"action":{"id":1297,"eventId":519,"priority":1,"name":"Wait","type":"PAUSE","pauseDuration":200},"intentExtras":[],"eventsToggle":[]}],"conditions":[{"id":1166,"eventId":519,"name":"Condition","type":"ON_IMAGE_DETECTED","priority":0,"path":"Condition_-1918251414.png","areaLeft":766,"areaTop":1072,"areaRight":980,"areaBottom":1125,"threshold":10,"detectionType":3,"shouldBeDetected":true,"detectionAreaLeft":732,"detectionAreaTop":956,"detectionAreaRight":1024,"detectionAreaBottom":1841}]},{"event":{"id":520,"scenarioId":70,"name":"Scroll","conditionOperator":1,"priority":0,"type":"IMAGE_EVENT","keepDetecting":false},"actions":[{"action":{"id":1298,"eventId":520,"name":"Swipe","type":"SWIPE","fromX":132,"fromY":1477,"toX":133,"toY":1203,"swipeDuration":250},"intentExtras":[],"eventsToggle":[]},{"action":{"id":1299,"eventId":520,"priority":1,"name":"Wait","type":"PAUSE","pauseDuration":100},"intentExtras":[],"eventsToggle":[]}],"conditions":[{"id":1167,"eventId":520,"name":"Condition","type":"ON_IMAGE_DETECTED","priority":0,"path":"Condition_1961179145.png","areaLeft":757,"areaTop":883,"areaRight":1000,"areaBottom":1068,"threshold":20,"detectionType":1,"shouldBeDetected":true}]}]}}