{"version":18,"screenWidth":1080,"screenHeight":2340,"scenario":{"scenario":{"id":57,"name":"Palmon Survival - Collect intel mission","detectionQuality":1141},"events":[{"event":{"id":397,"scenarioId":57,"name":"Green tick","conditionOperator":1,"priority":0,"type":"IMAGE_EVENT","keepDetecting":false},"actions":[{"action":{"id":993,"eventId":397,"name":"Click","type":"CLICK","clickPositionType":"ON_DETECTED_CONDITION","clickOnConditionId":932,"pressDuration":70,"clickOffsetX":-76,"clickOffsetY":72},"intentExtras":[],"eventsToggle":[]},{"action":{"id":994,"eventId":397,"priority":1,"name":"Wait","type":"PAUSE","pauseDuration":50},"intentExtras":[],"eventsToggle":[]}],"conditions":[{"id":932,"eventId":397,"name":"Condition","type":"ON_IMAGE_DETECTED","priority":0,"path":"Condition_399170568.png","areaLeft":768,"areaTop":1298,"areaRight":816,"areaBottom":1330,"threshold":20,"detectionType":2,"shouldBeDetected":true}]},{"event":{"id":491,"scenarioId":57,"name":"Tap to close","conditionOperator":1,"priority":1,"type":"IMAGE_EVENT","keepDetecting":false},"actions":[{"action":{"id":1226,"eventId":491,"name":"Click","type":"CLICK","clickPositionType":"ON_DETECTED_CONDITION","clickOnConditionId":1115,"pressDuration":70},"intentExtras":[],"eventsToggle":[]},{"action":{"id":1227,"eventId":491,"priority":1,"name":"Wait","type":"PAUSE","pauseDuration":250},"intentExtras":[],"eventsToggle":[]}],"conditions":[{"id":1115,"eventId":491,"name":"Condition","type":"ON_IMAGE_DETECTED","priority":0,"path":"Condition_-1484385772.png","areaLeft":442,"areaTop":2098,"areaRight":642,"areaBottom":2136,"threshold":20,"detectionType":1,"shouldBeDetected":true}]}]}}